"HMDB_accession","Med"
"HMDB0000001",12.7
"HMDB0000002",0.04
"HMDB0000005",8.6
"HMDB0000008",17.45
"HMDB0000011",86
"HMDB0000012",0.15
"HMDB0000014",0.2
"HMDB0000015",0.025
"HMDB0000016",0.036545
"HMDB0000017",0.01835
"HMDB0000019",12.5
"HMDB0000020",6.5
"HMDB0000021",0.00069
"HMDB0000022",0.0025
"HMDB0000023",20.5
"HMDB0000027",0.01015
"HMDB0000030",0.0024
"HMDB0000031",0.060325
"HMDB0000032",2.825
"HMDB0000033",3.1
"HMDB0000034",0.47
"HMDB0000036",0.24
"HMDB0000037",0.000139
"HMDB0000038",0.006
"HMDB0000039",1
"HMDB0000042",36.15
"HMDB0000043",44.185
"HMDB0000044",42.4145
"HMDB0000045",10.1
"HMDB0000050",0.2975
"HMDB0000051",24.75
"HMDB0000052",0
"HMDB0000053",0.00315
"HMDB0000054",12
"HMDB0000056",3
"HMDB0000058",0.0085
"HMDB0000060",30
"HMDB0000062",NA
"HMDB0000063",0.199
"HMDB0000064",35.25
"HMDB0000067",NA
"HMDB0000068",0.00051
"HMDB0000070",1.33
"HMDB0000073",NA
"HMDB0000076",0.31
"HMDB0000077",0.005825
"HMDB0000078",54
"HMDB0000085",0
"HMDB0000086",33.5
"HMDB0000087",11.74
"HMDB0000089",0.25
"HMDB0000092",2.25
"HMDB0000094",101.1
"HMDB0000097",9.65
"HMDB0000098",1797.5
"HMDB0000099",0.17
"HMDB0000107",0.59
"HMDB0000108",15
"HMDB0000112",0.115
"HMDB0000115",20.95
"HMDB0000118",0.047
"HMDB0000119",3.05
"HMDB0000121",0.0205
"HMDB0000122",4450
"HMDB0000123",200
"HMDB0000124",10.05
"HMDB0000125",11.45
"HMDB0000126",30
"HMDB0000127",165
"HMDB0000128",1.9
"HMDB0000130",0.043
"HMDB0000131",51.5
"HMDB0000133",0.8
"HMDB0000134",0.995
"HMDB0000138",0.6
"HMDB0000139",7.5
"HMDB0000142",69.65
"HMDB0000143",88.3
"HMDB0000145",0.00017
"HMDB0000148",37
"HMDB0000149",26.95
"HMDB0000151",0.000099
"HMDB0000152",0.825
"HMDB0000153",0.00305
"HMDB0000156",7.6
"HMDB0000157",3.585
"HMDB0000158",60.9
"HMDB0000159",60
"HMDB0000161",319.4
"HMDB0000162",178.85
"HMDB0000164",1
"HMDB0000167",102.3
"HMDB0000168",41
"HMDB0000169",51.5
"HMDB0000172",51.1
"HMDB0000175",63
"HMDB0000177",86
"HMDB0000181",0.00723
"HMDB0000182",120
"HMDB0000187",99
"HMDB0000190",1070
"HMDB0000191",20
"HMDB0000192",89
"HMDB0000193",6
"HMDB0000194",41
"HMDB0000195",0.3
"HMDB0000197",0.075
"HMDB0000201",5.48
"HMDB0000202",0.27
"HMDB0000205",2.75
"HMDB0000207",238
"HMDB0000208",8.75
"HMDB0000209",50.34
"HMDB0000210",2.86
"HMDB0000211",24
"HMDB0000214",54
"HMDB0000216",0.001625
"HMDB0000217",19.6
"HMDB0000220",118
"HMDB0000221",51
"HMDB0000222",0.1115
"HMDB0000224",11.5
"HMDB0000226",2.874
"HMDB0000227",0.028
"HMDB0000228",6.38
"HMDB0000230",1.285
"HMDB0000232",0.5345
"HMDB0000234",0.00125
"HMDB0000235",0.12
"HMDB0000237",1.25
"HMDB0000239",0.025
"HMDB0000240",1.23
"HMDB0000241",0.66
"HMDB0000243",64
"HMDB0000244",0.2425
"HMDB0000245",0.06
"HMDB0000247",2.198
"HMDB0000248",0.000018
"HMDB0000250",1.8
"HMDB0000251",61
"HMDB0000252",0.05
"HMDB0000253",0.00424
"HMDB0000254",12.4
"HMDB0000256",1.9
"HMDB0000257",51.15
"HMDB0000258",1.8
"HMDB0000259",0.72
"HMDB0000263",12.5
"HMDB0000265",0.000013
"HMDB0000267",19.5
"HMDB0000269",0.011
"HMDB0000271",0.7005
"HMDB0000272",17
"HMDB0000273",0.2
"HMDB0000277",0.329
"HMDB0000280",5.31
"HMDB0000283",2.3
"HMDB0000286",155
"HMDB0000288",184
"HMDB0000289",234
"HMDB0000291",0.035
"HMDB0000292",1.135
"HMDB0000294",2500
"HMDB0000295",41
"HMDB0000296",4.634
"HMDB0000299",2.5821
"HMDB0000300",2
"HMDB0000301",0.43
"HMDB0000305",1.951
"HMDB0000306",0.004995
"HMDB0000315",16.1
"HMDB0000317",0.7
"HMDB0000318",0.008
"HMDB0000319",0.00055
"HMDB0000332",0.000827
"HMDB0000335",0.00078
"HMDB0000336",21
"HMDB0000337",18
"HMDB0000343",0.00017
"HMDB0000350",0.65
"HMDB0000360",2
"HMDB0000362",1.6
"HMDB0000363",0.002555
"HMDB0000365",2.9
"HMDB0000369",0.12
"HMDB0000374",0.0025
"HMDB0000375",0.048
"HMDB0000379",0.0795
"HMDB0000387",0.35
"HMDB0000394",0.21
"HMDB0000397",0.129
"HMDB0000405",0.01
"HMDB0000407",7.7
"HMDB0000413",0.61
"HMDB0000416",2
"HMDB0000418",0.00329
"HMDB0000423",0.029
"HMDB0000428",0.15
"HMDB0000429",0.32
"HMDB0000430",0.00645
"HMDB0000434",0.689
"HMDB0000440",0.1505
"HMDB0000442",20
"HMDB0000448",0.09
"HMDB0000450",0
"HMDB0000452",23
"HMDB0000462",2.1
"HMDB0000464",2110
"HMDB0000468",0.017
"HMDB0000472",0.018
"HMDB0000479",2.85
"HMDB0000481",5
"HMDB0000482",5.25
"HMDB0000484",0.2635
"HMDB0000490",0.00125
"HMDB0000491",20.35
"HMDB0000492",98000
"HMDB0000493",0.000149
"HMDB0000494",2.8
"HMDB0000499",1.5
"HMDB0000500",2.523
"HMDB0000501",0.033
"HMDB0000508",0.54
"HMDB0000510",0.3
"HMDB0000511",11
"HMDB0000517",75
"HMDB0000518",1.165
"HMDB0000521",1.75
"HMDB0000531",1
"HMDB0000532",89.57
"HMDB0000534",3.7335
"HMDB0000535",17
"HMDB0000538",1471
"HMDB0000546",0.000017
"HMDB0000547",717
"HMDB0000549",0.28
"HMDB0000551",0.000067
"HMDB0000552",0.01
"HMDB0000554",0.000475
"HMDB0000557",0.8
"HMDB0000561",0.46
"HMDB0000562",43.32
"HMDB0000564",15.1
"HMDB0000565",2
"HMDB0000567",0.181
"HMDB0000568",1.5
"HMDB0000569",0.0007
"HMDB0000570",0.006
"HMDB0000573",100
"HMDB0000574",164
"HMDB0000575",4.9
"HMDB0000580",9.58
"HMDB0000582",0.000016
"HMDB0000586",3500
"HMDB0000588",136000
"HMDB0000593",212
"HMDB0000595",NA
"HMDB0000598",NA
"HMDB0000599",0.00329
"HMDB0000600",0.061
"HMDB0000601",0.05
"HMDB0000606",0.5
"HMDB0000607",NA
"HMDB0000608",0.00183
"HMDB0000610",1506.38
"HMDB0000613",3.5
"HMDB0000618",1.72
"HMDB0000619",0.72
"HMDB0000623",109.91
"HMDB0000625",4.1475
"HMDB0000626",0.45
"HMDB0000630",6.4
"HMDB0000635",0.0815
"HMDB0000637",0.06
"HMDB0000638",5.285
"HMDB0000641",550.7
"HMDB0000643",0.0073
"HMDB0000645",48
"HMDB0000646",2.5
"HMDB0000651",0.195
"HMDB0000653",5.4
"HMDB0000657",13.038
"HMDB0000658",118.74
"HMDB0000660",39.5
"HMDB0000661",0
"HMDB0000662",5.66
"HMDB0000667",0.29
"HMDB0000669",0.2465
"HMDB0000670",2
"HMDB0000671",2.8
"HMDB0000673",207.9
"HMDB0000674",0.186
"HMDB0000675",0.41
"HMDB0000676",3.3
"HMDB0000678",0.17
"HMDB0000679",5
"HMDB0000682",8.245
"HMDB0000684",2.21
"HMDB0000687",98.7
"HMDB0000688",0.269
"HMDB0000691",12.9
"HMDB0000692",8950
"HMDB0000693",0.5
"HMDB0000694",0.55
"HMDB0000695",26.5
"HMDB0000696",20.6
"HMDB0000698",0.009
"HMDB0000699",0.43
"HMDB0000700",3
"HMDB0000706",0.018
"HMDB0000707",0.37
"HMDB0000708",0.145
"HMDB0000709",14.8
"HMDB0000710",24.6
"HMDB0000714",9.87
"HMDB0000715",0.03
"HMDB0000716",6.23
"HMDB0000718",3.248
"HMDB0000719",12
"HMDB0000722",1.212
"HMDB0000725",20
"HMDB0000729",7.6
"HMDB0000732",0.05
"HMDB0000736",0.069
"HMDB0000740",0.12
"HMDB0000742",8
"HMDB0000746",0.7
"HMDB0000751",9
"HMDB0000754",7
"HMDB0000755",0.64
"HMDB0000756",0.0455
"HMDB0000757",41.2
"HMDB0000761",0.205
"HMDB0000763",0.0516
"HMDB0000764",0.759
"HMDB0000765",20.5715
"HMDB0000767",2.6146
"HMDB0000774",0.13
"HMDB0000784",27
"HMDB0000786",50
"HMDB0000788",76.5835
"HMDB0000791",0.175
"HMDB0000792",0.091
"HMDB0000795",1.5
"HMDB0000801",4.365
"HMDB0000806",13.137
"HMDB0000807",52.7
"HMDB0000819",0.00035
"HMDB0000820",0.33
"HMDB0000824",0.34
"HMDB0000826",2.692
"HMDB0000827",85
"HMDB0000830",0.57
"HMDB0000840",1
"HMDB0000845",0.0055
"HMDB0000848",0.04
"HMDB0000852",6.876
"HMDB0000857",0.21
"HMDB0000863",83.3
"HMDB0000870",0.000335
"HMDB0000872",0.11
"HMDB0000874",2
"HMDB0000876",0.049
"HMDB0000878",0.009326
"HMDB0000879",0.0052
"HMDB0000881",0.011
"HMDB0000883",209
"HMDB0000884",0.2
"HMDB0000885",208
"HMDB0000888",0.44
"HMDB0000892",0.6
"HMDB0000893",1.87
"HMDB0000896",0.062
"HMDB0000897",0.129
"HMDB0000898",0.00034
"HMDB0000899",0.00036
"HMDB0000900",0.00275
"HMDB0000902",24.3
"HMDB0000904",35
"HMDB0000906",13.485
"HMDB0000907",1.6
"HMDB0000908",5.9165
"HMDB0000918",704.47
"HMDB0000921",0.079
"HMDB0000925",38.305
"HMDB0000929",48.7
"HMDB0000936",0.0063
"HMDB0000937",11.15
"HMDB0000939",0.2345
"HMDB0000944",1.012
"HMDB0000946",0.16
"HMDB0000950",0.281
"HMDB0000951",0.3
"HMDB0000954",0.035
"HMDB0000955",0.127
"HMDB0000957",0.6955
"HMDB0000961",0.0086
"HMDB0000990",1
"HMDB0000996",1.38
"HMDB0000998",29
"HMDB0001000",0.5
"HMDB0001032",0.95
"HMDB0001035",0.0000086
"HMDB0001043",60.7
"HMDB0001045",0.0003
"HMDB0001046",0.004682
"HMDB0001049",3.05
"HMDB0001051",1476
"HMDB0001056",0.005
"HMDB0001058",2.5
"HMDB0001060",0.4
"HMDB0001065",0.002765
"HMDB0001067",4.89
"HMDB0001068",1.02
"HMDB0001072",0.75
"HMDB0001085",0.000198
"HMDB0001112",4.8
"HMDB0001123",0.0155
"HMDB0001139",0.00033
"HMDB0001149",0.35
"HMDB0001160",0.033
"HMDB0001161",10
"HMDB0001165",0.14
"HMDB0001167",0.653
"HMDB0001169",10
"HMDB0001170",5.38
"HMDB0001185",0.055
"HMDB0001198",0.001359
"HMDB0001201",16.5
"HMDB0001220",0.0009
"HMDB0001238",0.0054
"HMDB0001244",0.00013
"HMDB0001247",0.1
"HMDB0001248",0.075
"HMDB0001251",0.48
"HMDB0001256",0.12
"HMDB0001257",4.3
"HMDB0001263",0.2
"HMDB0001264",2.36
"HMDB0001273",56
"HMDB0001276",0.007
"HMDB0001294",530
"HMDB0001302",0.00766
"HMDB0001310",446.75
"HMDB0001311",9.13
"HMDB0001314",0.0055
"HMDB0001315",1302.5
"HMDB0001327",1.17
"HMDB0001333",0.073
"HMDB0001336",0.01
"HMDB0001341",160
"HMDB0001348",25.1
"HMDB0001349",0.95
"HMDB0001358",0.155
"HMDB0001361",72
"HMDB0001377",5760
"HMDB0001383",0.055
"HMDB0001388",10.775
"HMDB0001389",0.0001265
"HMDB0001390",0.25
"HMDB0001392",15
"HMDB0001394",5.193
"HMDB0001396",0.3
"HMDB0001397",0.0097
"HMDB0001398",8.5
"HMDB0001401",16.81
"HMDB0001403",0.0002
"HMDB0001406",0.235
"HMDB0001411",0.000017
"HMDB0001414",0.12
"HMDB0001419",0.0275
"HMDB0001420",0.00168
"HMDB0001425",0.002285
"HMDB0001426",13.3
"HMDB0001429",547.535
"HMDB0001431",0.164
"HMDB0001434",0.089
"HMDB0001438",0.0091
"HMDB0001442",0.0001
"HMDB0001448",352.75
"HMDB0001449",0.001
"HMDB0001451",0.077
"HMDB0001452",0.00024
"HMDB0001453",4.99
"HMDB0001455",0.00092
"HMDB0001471",0.00167
"HMDB0001473",13.85
"HMDB0001475",0.00132
"HMDB0001476",0.079
"HMDB0001487",22
"HMDB0001488",48.05
"HMDB0001490",0.0173
"HMDB0001491",0.056
"HMDB0001492",3.88
"HMDB0001496",0.18
"HMDB0001505",0.0003455
"HMDB0001509",0.0001
"HMDB0001514",0.29
"HMDB0001518",0.013
"HMDB0001520",0.0084
"HMDB0001522",0.1
"HMDB0001533",0.01
"HMDB0001538",2.47
"HMDB0001539",0.5225
"HMDB0001545",0.251
"HMDB0001546",36
"HMDB0001547",0.027
"HMDB0001548",13.2
"HMDB0001555",0.00799
"HMDB0001562",0.0025
"HMDB0001563",0.04605
"HMDB0001565",2.2
"HMDB0001644",2.5
"HMDB0001659",48.65
"HMDB0001713",0.014
"HMDB0001830",0.0011
"HMDB0001842",0.2
"HMDB0001846",0.0025
"HMDB0001847",78
"HMDB0001851",2.9735
"HMDB0001852",0.10725
"HMDB0001855",0.0009
"HMDB0001856",0.239
"HMDB0001858",5.556
"HMDB0001860",10
"HMDB0001861",0.011
"HMDB0001865",12.9
"HMDB0001866",0.011
"HMDB0001867",18
"HMDB0001870",12.9445
"HMDB0001871",0.625
"HMDB0001873",2.3
"HMDB0001875",69.25
"HMDB0001876",0.0057
"HMDB0001877",208
"HMDB0001879",26.5
"HMDB0001881",2
"HMDB0001889",29
"HMDB0001890",4
"HMDB0001893",28
"HMDB0001895",0.02
"HMDB0001896",0.00014
"HMDB0001897",0.0000036
"HMDB0001901",2
"HMDB0001903",0.00008
"HMDB0001904",0.425
"HMDB0001906",0.89
"HMDB0001913",0.34
"HMDB0001917",0.0007
"HMDB0001919",4
"HMDB0001921",6
"HMDB0001923",302
"HMDB0001924",3.75
"HMDB0001925",242
"HMDB0001926",0.00016
"HMDB0001928",0.3
"HMDB0001929",0.135
"HMDB0001930",7.3
"HMDB0001931",0.16
"HMDB0001932",0.071
"HMDB0001934",0.745
"HMDB0001941",0.024
"HMDB0001942",2
"HMDB0001943",3.02
"HMDB0001954",20
"HMDB0001960",0.0065
"HMDB0001964",0.565
"HMDB0001966",0
"HMDB0001967",18000
"HMDB0001976",10
"HMDB0001980",0.0000053
"HMDB0001989",0.00016
"HMDB0001999",21.491
"HMDB0002000",2.016
"HMDB0002003",0.93
"HMDB0002004",0.21
"HMDB0002005",2.15
"HMDB0002012",0.00312
"HMDB0002013",0.17
"HMDB0002014",0.032
"HMDB0002017",0.014
"HMDB0002024",0.1
"HMDB0002027",0.32513
"HMDB0002030",2300
"HMDB0002032",0.0001
"HMDB0002035",0.116
"HMDB0002038",7
"HMDB0002039",0.0975
"HMDB0002040",0.624
"HMDB0002044",0.00142
"HMDB0002053",0.000022
"HMDB0002056",0.0022
"HMDB0002061",0.02898
"HMDB0002062",0.008
"HMDB0002068",1.264
"HMDB0002072",0.1185
"HMDB0002078",0.045
"HMDB0002080",2090
"HMDB0002084",4.85
"HMDB0002085",0
"HMDB0002088",23.4018
"HMDB0002089",0.073
"HMDB0002095",0.1
"HMDB0002097",1.1965
"HMDB0002100",12.5565
"HMDB0002103",0.3
"HMDB0002108",3.9
"HMDB0002111",55000000
"HMDB0002117",2090
"HMDB0002124",0.0119
"HMDB0002134",60
"HMDB0002158",0.015
"HMDB0002163",0
"HMDB0002166",1.03
"HMDB0002174",NA
"HMDB0002175",3.97
"HMDB0002177",0.007
"HMDB0002181",0.18
"HMDB0002182",2.3
"HMDB0002183",66.973
"HMDB0002185",0.0375
"HMDB0002186",50.6
"HMDB0002189",0.05
"HMDB0002190",0.007
"HMDB0002195",0
"HMDB0002196",0.000096
"HMDB0002199",0.6955
"HMDB0002200",0.000072
"HMDB0002204",0.092
"HMDB0002209",0.00058
"HMDB0002212",7.9995
"HMDB0002215",4.18
"HMDB0002226",0.7135
"HMDB0002231",1.498
"HMDB0002232",0.0004135
"HMDB0002243",0.299
"HMDB0002250",0.057
"HMDB0002259",370
"HMDB0002265",0.000967
"HMDB0002268",0.215
"HMDB0002269",0.17
"HMDB0002277",0.000038
"HMDB0002283",0.000134
"HMDB0002287",0.00282
"HMDB0002290",0.012955
"HMDB0002302",0.481
"HMDB0002311",0.0004
"HMDB0002314",0.000779
"HMDB0002326",0.0123
"HMDB0002329",3.33
"HMDB0002343",0.000351
"HMDB0002356",0.81
"HMDB0002364",0.026
"HMDB0002366",0.04
"HMDB0002368",0.9
"HMDB0002369",0.0049
"HMDB0002374",1.45
"HMDB0002386",12.5
"HMDB0002387",0.0266
"HMDB0002457",0.036
"HMDB0002466",0.111
"HMDB0002500",50.3
"HMDB0002503",0.0012
"HMDB0002586",0.1
"HMDB0002639",0.06
"HMDB0002641",0.521
"HMDB0002642",19.095
"HMDB0002655",0.03935
"HMDB0002656",0.000074
"HMDB0002659",0.0063
"HMDB0002664",0.0001
"HMDB0002670",0.014075
"HMDB0002685",0.000376
"HMDB0002689",0.0000028
"HMDB0002697",0.56
"HMDB0002708",0.02
"HMDB0002710",0.000072
"HMDB0002712",150
"HMDB0002719",1.81
"HMDB0002720",0.25
"HMDB0002721",0.0643
"HMDB0002725",0.0145
"HMDB0002728",0.000021
"HMDB0002730",283
"HMDB0002752",0.0008
"HMDB0002755",45
"HMDB0002759",11.1
"HMDB0002776",0.000397
"HMDB0002780",0.9365
"HMDB0002786",28.2
"HMDB0002789",0.32
"HMDB0002802",0.0411
"HMDB0002815",20.665
"HMDB0002820",0.08457
"HMDB0002823",0.004
"HMDB0002825",1.1
"HMDB0002829",0.0579
"HMDB0002869",12.346
"HMDB0002871",0.266
"HMDB0002878",37.85
"HMDB0002884",0.0295
"HMDB0002886",0.000359
"HMDB0002899",0.067
"HMDB0002902",14.2
"HMDB0002917",1.5885
"HMDB0002925",0.541
"HMDB0002961",0.00041
"HMDB0002972",0.0000021
"HMDB0002994",4.1
"HMDB0003000",0.5875
"HMDB0003034",0.000123
"HMDB0003045",0.99
"HMDB0003069",0.01815
"HMDB0003070",0.0465
"HMDB0003073",1.03
"HMDB0003080",0.000042
"HMDB0003125",10.5
"HMDB0003141",0.0066
"HMDB0003148",0.2
"HMDB0003154",0.01
"HMDB0003156",7.9
"HMDB0003157",0.259
"HMDB0003164",0.04
"HMDB0003175",0.0006
"HMDB0003213",4.8
"HMDB0003217",0.025
"HMDB0003227",5.7
"HMDB0003229",15
"HMDB0003231",98.6
"HMDB0003233",0.304
"HMDB0003236",0.00318
"HMDB0003243",1.06
"HMDB0003249",0.72
"HMDB0003252",0.00554
"HMDB0003269",6.665
"HMDB0003276",51.65
"HMDB0003312",0.0088
"HMDB0003331",0.08045
"HMDB0003332",0.09
"HMDB0003333",0.002
"HMDB0003334",0.46
"HMDB0003337",10.825
"HMDB0003339",0.014
"HMDB0003352",0.064
"HMDB0003357",1.03
"HMDB0003374",89
"HMDB0003375",0.19
"HMDB0003378",0.000012
"HMDB0003406",2.28
"HMDB0003409",0.0013
"HMDB0003429",0.0003
"HMDB0003458",0.00029
"HMDB0003464",0.034
"HMDB0003474",0.0036
"HMDB0003502",0.34
"HMDB0003503",6.2
"HMDB0003514",98
"HMDB0003550",NA
"HMDB0003555",0.0011
"HMDB0003572",1.38
"HMDB0003573",0.021
"HMDB0003584",0.33
"HMDB0003598",0.1025
"HMDB0003625",0.00518
"HMDB0003638",0.00318
"HMDB0003640",4.8
"HMDB0003642",0.345
"HMDB0003648",0.05605
"HMDB0003681",0.5
"HMDB0003733",0.0000454
"HMDB0003759",0.03605
"HMDB0003797",2.03
"HMDB0003871",0.00601
"HMDB0003876",0.00243
"HMDB0003911",1.03
"HMDB0003933",0.14
"HMDB0003966",0.69
"HMDB0003993",0.104
"HMDB0004030",0.001985
"HMDB0004031",0.00002
"HMDB0004044",0.0658
"HMDB0004063",0.0016
"HMDB0004068",5187.5
"HMDB0004080",2.99
"HMDB0004081",0.00024
"HMDB0004118",0.0038
"HMDB0004122",0.074
"HMDB0004136",2.56
"HMDB0004138",0.00024
"HMDB0004142",0.005
"HMDB0004148",0.0027
"HMDB0004193",9
"HMDB0004194",0.26
"HMDB0004225",0.145
"HMDB0004236",0.000446
"HMDB0004238",0.0003
"HMDB0004240",0.000188
"HMDB0004242",0.0028
"HMDB0004243",0.00145
"HMDB0004244",0.00106
"HMDB0004259",0.000065
"HMDB0004264",0.000134
"HMDB0004305",0.25
"HMDB0004327",0.08
"HMDB0004350",0.0031
"HMDB0004362",0.11
"HMDB0004363",0.04
"HMDB0004385",0.00007
"HMDB0004620",0.6669
"HMDB0004628",0.0594
"HMDB0004629",0.00058
"HMDB0004659",0.00047
"HMDB0004666",7.8
"HMDB0004667",0.05275
"HMDB0004668",0.00482
"HMDB0004669",0.00241
"HMDB0004670",0.010325
"HMDB0004673",0.000303
"HMDB0004679",0.000536
"HMDB0004680",0.000277
"HMDB0004682",0.000727
"HMDB0004684",0.0001
"HMDB0004685",0.0001975
"HMDB0004688",0.000114
"HMDB0004693",0.001106
"HMDB0004701",0.00217
"HMDB0004702",0.00721
"HMDB0004704",0.0605
"HMDB0004705",0.006755
"HMDB0004708",0.000827
"HMDB0004710",0.000513
"HMDB0004814",0.03
"HMDB0004821",0.003
"HMDB0004824",0.029
"HMDB0004825",0.001675
"HMDB0004826",0.00034
"HMDB0004827",10
"HMDB0004844",4.5
"HMDB0004849",0.567
"HMDB0004866",5
"HMDB0004877",2.05
"HMDB0004878",1.7
"HMDB0004880",2
"HMDB0004882",2
"HMDB0004884",2
"HMDB0004886",2
"HMDB0004947",0.1365
"HMDB0004948",0.1365
"HMDB0004949",0.1365
"HMDB0004950",0.1365
"HMDB0004951",0.1365
"HMDB0004952",0.1365
"HMDB0004953",1
"HMDB0004955",0.061
"HMDB0004956",0.1365
"HMDB0004957",0.1365
"HMDB0004958",2.15
"HMDB0004969",3.6
"HMDB0004983",5.15
"HMDB0004988",0.073
"HMDB0004989",0.000038
"HMDB0004995",0.006
"HMDB0004999",0.0024
"HMDB0005000",1.02
"HMDB0005006",0.01
"HMDB0005007",0.044
"HMDB0005010",0.15
"HMDB0005014",0.0257
"HMDB0005015",0.31
"HMDB0005016",2
"HMDB0005017",10
"HMDB0005034",1.47
"HMDB0005045",0.000429
"HMDB0005047",19.3
"HMDB0005049",0.079
"HMDB0005056",0.00145
"HMDB0005060",7.7455
"HMDB0005065",0.17
"HMDB0005066",0.03
"HMDB0005073",0.000079
"HMDB0005079",0.000206
"HMDB0005081",0.0007665
"HMDB0005083",0.00038
"HMDB0005087",0.0001665
"HMDB0005088",0.0001585
"HMDB0005095",0.000009
"HMDB0005096",1.09
"HMDB0005099",0.000017
"HMDB0005102",0.00001
"HMDB0005176",0.01635
"HMDB0005189",44.23
"HMDB0005193",0.053
"HMDB0005199",0.00131
"HMDB0005357",11.6
"HMDB0005359",27
"HMDB0005360",63.6
"HMDB0005361",29.6
"HMDB0005362",79.8
"HMDB0005363",90.9
"HMDB0005367",29.6
"HMDB0005369",139.5
"HMDB0005370",68.5
"HMDB0005374",63.6
"HMDB0005375",29.6
"HMDB0005376",20.2
"HMDB0005377",79.8
"HMDB0005378",139.5
"HMDB0005379",57.1
"HMDB0005380",32
"HMDB0005382",139.5
"HMDB0005383",21.5
"HMDB0005384",214.8
"HMDB0005385",53.6
"HMDB0005388",21.5
"HMDB0005389",69.1
"HMDB0005390",90.9
"HMDB0005391",36.5
"HMDB0005397",21.5
"HMDB0005403",21.5
"HMDB0005405",69.1
"HMDB0005411",68.5
"HMDB0005412",23.5
"HMDB0005419",0.01
"HMDB0005421",29.6
"HMDB0005423",139.5
"HMDB0005424",21.5
"HMDB0005425",214.8
"HMDB0005426",53.6
"HMDB0005430",79.8
"HMDB0005431",139.5
"HMDB0005433",57.1
"HMDB0005434",214.8
"HMDB0005435",18.9
"HMDB0005437",21.5
"HMDB0005438",214.8
"HMDB0005439",69.1
"HMDB0005440",90.9
"HMDB0005441",36.5
"HMDB0005443",23.5
"HMDB0005444",69.1
"HMDB0005445",68.5
"HMDB0005446",32
"HMDB0005455",68.5
"HMDB0005456",23.5
"HMDB0005461",53.6
"HMDB0005474",36.5
"HMDB0005770",0.56
"HMDB0005781",0.00045
"HMDB0005782",0.35
"HMDB0005784",0.16
"HMDB0005789",16
"HMDB0005792",0.54
"HMDB0005794",0.045
"HMDB0005800",0.0999
"HMDB0005801",0.03425
"HMDB0005807",0.004
"HMDB0005809",6.5
"HMDB0005843",0.14
"HMDB0005923",0.2
"HMDB0005949",0.09
"HMDB0005960",0.11
"HMDB0005994",0.22
"HMDB0005998",0.0014
"HMDB0006059",0.001
"HMDB0006088",0.026
"HMDB0006095",0.09
"HMDB0006101",0.01455
"HMDB0006111",0.00642
"HMDB0006112",2.71
"HMDB0006117",1.43
"HMDB0006119",0.011
"HMDB0006219",0.003
"HMDB0006224",0.000023
"HMDB0006245",0.000273
"HMDB0006247",0.0105
"HMDB0006275",0.0265
"HMDB0006317",1.0525
"HMDB0006327",4.23
"HMDB0006335",0.2
"HMDB0006344",10.5715
"HMDB0006372",2
"HMDB0006406",0.237
"HMDB0006461",0.02
"HMDB0006465",0.000305
"HMDB0006468",0.217
"HMDB0006469",0.05
"HMDB0006478",0.11
"HMDB0006483",0
"HMDB0006528",34.041
"HMDB0006543",0.149
"HMDB0006547",0.212
"HMDB0006552",0.0009
"HMDB0006559",0.0076
"HMDB0006707",0.29
"HMDB0006725",80
"HMDB0006726",195.48
"HMDB0006727",1.08
"HMDB0006731",39.07
"HMDB0006733",21.93
"HMDB0006734",4.28
"HMDB0006736",18.71
"HMDB0006737",0.53
"HMDB0006740",1.18
"HMDB0006759",0.00034
"HMDB0006840",0.000121
"HMDB0006841",0.000129
"HMDB0006940",0.00514
"HMDB0007011",0.58
"HMDB0007012",0.231
"HMDB0007013",1.42
"HMDB0007014",1.07
"HMDB0007015",1.07
"HMDB0007016",0.415
"HMDB0007017",0.06
"HMDB0007018",0.06
"HMDB0007020",1.37
"HMDB0007021",3.87
"HMDB0007022",2.82
"HMDB0007023",1.65
"HMDB0007024",1.65
"HMDB0007025",0.173
"HMDB0007026",0.173
"HMDB0007028",0.69
"HMDB0007029",1.24
"HMDB0007030",4.06
"HMDB0007031",5.28
"HMDB0007032",0.961
"HMDB0007033",0.961
"HMDB0007035",0.003
"HMDB0007036",0.013
"HMDB0007040",0.231
"HMDB0007041",0.032
"HMDB0007042",1.07
"HMDB0007043",0.415
"HMDB0007044",0.415
"HMDB0007045",0.06
"HMDB0007049",3.87
"HMDB0007050",2.82
"HMDB0007051",1.65
"HMDB0007052",0.173
"HMDB0007053",0.173
"HMDB0007057",1.24
"HMDB0007058",4.06
"HMDB0007059",8.1
"HMDB0007060",0.961
"HMDB0007064",0.013
"HMDB0007065",0.022
"HMDB0007068",0.58
"HMDB0007095",0.58
"HMDB0007096",0.231
"HMDB0007098",1.42
"HMDB0007099",1.07
"HMDB0007100",1.37
"HMDB0007101",3.87
"HMDB0007102",3.87
"HMDB0007103",2.82
"HMDB0007104",1.65
"HMDB0007105",1.65
"HMDB0007106",0.173
"HMDB0007107",0.69
"HMDB0007108",1.24
"HMDB0007109",4.06
"HMDB0007110",8.1
"HMDB0007111",8.1
"HMDB0007112",5.28
"HMDB0007113",5.28
"HMDB0007114",0.961
"HMDB0007115",0.003
"HMDB0007116",0.013
"HMDB0007117",0.022
"HMDB0007118",0.94
"HMDB0007119",1.61
"HMDB0007120",1.61
"HMDB0007121",1.137
"HMDB0007124",0.231
"HMDB0007125",0.032
"HMDB0007127",1.07
"HMDB0007128",0.415
"HMDB0007129",3.87
"HMDB0007130",2.82
"HMDB0007131",2.82
"HMDB0007132",1.65
"HMDB0007133",0.173
"HMDB0007134",0.173
"HMDB0007136",1.24
"HMDB0007137",4.06
"HMDB0007138",8.1
"HMDB0007139",5.28
"HMDB0007140",5.28
"HMDB0007141",0.961
"HMDB0007142",0.961
"HMDB0007144",0.013
"HMDB0007145",0.022
"HMDB0007146",0.28
"HMDB0007147",1.61
"HMDB0007148",1.137
"HMDB0007149",1.137
"HMDB0007153",1.42
"HMDB0007154",1.07
"HMDB0007156",1.37
"HMDB0007157",3.87
"HMDB0007158",0.69
"HMDB0007159",1.24
"HMDB0007160",1.24
"HMDB0007161",4.06
"HMDB0007162",8.1
"HMDB0007163",8.1
"HMDB0007164",5.28
"HMDB0007165",0.003
"HMDB0007166",0.013
"HMDB0007167",0.022
"HMDB0007168",0.28
"HMDB0007169",0.28
"HMDB0007170",0.94
"HMDB0007171",0.94
"HMDB0007172",1.61
"HMDB0007176",0.036
"HMDB0007179",0.254
"HMDB0007182",1.07
"HMDB0007183",0.415
"HMDB0007185",3.87
"HMDB0007186",2.82
"HMDB0007187",1.24
"HMDB0007188",4.06
"HMDB0007189",4.06
"HMDB0007190",8.1
"HMDB0007191",5.28
"HMDB0007192",5.28
"HMDB0007193",0.961
"HMDB0007194",0.013
"HMDB0007195",0.022
"HMDB0007196",0.28
"HMDB0007197",0.94
"HMDB0007198",0.94
"HMDB0007199",1.61
"HMDB0007200",1.61
"HMDB0007201",1.137
"HMDB0007206",0.254
"HMDB0007207",0.254
"HMDB0007208",0.31
"HMDB0007211",1.07
"HMDB0007212",0.415
"HMDB0007214",3.87
"HMDB0007215",2.82
"HMDB0007216",1.24
"HMDB0007217",4.06
"HMDB0007218",4.06
"HMDB0007219",8.1
"HMDB0007220",5.28
"HMDB0007221",5.28
"HMDB0007222",0.961
"HMDB0007223",0.013
"HMDB0007224",0.022
"HMDB0007225",0.28
"HMDB0007226",0.94
"HMDB0007227",0.94
"HMDB0007228",1.61
"HMDB0007229",1.61
"HMDB0007230",1.137
"HMDB0007235",0.254
"HMDB0007236",0.254
"HMDB0007237",0.31
"HMDB0007240",0.415
"HMDB0007241",0.06
"HMDB0007243",2.82
"HMDB0007244",1.65
"HMDB0007245",4.06
"HMDB0007246",8.1
"HMDB0007247",8.1
"HMDB0007248",5.28
"HMDB0007249",0.961
"HMDB0007250",0.961
"HMDB0007252",0.022
"HMDB0007253",0.28
"HMDB0007254",0.94
"HMDB0007255",1.61
"HMDB0007256",1.61
"HMDB0007257",1.137
"HMDB0007258",1.137
"HMDB0007262",0.036
"HMDB0007263",0.254
"HMDB0007264",0.31
"HMDB0007265",0.31
"HMDB0007269",0.06
"HMDB0007272",1.65
"HMDB0007273",0.173
"HMDB0007274",8.1
"HMDB0007275",5.28
"HMDB0007276",5.28
"HMDB0007277",0.961
"HMDB0007281",0.28
"HMDB0007282",0.94
"HMDB0007283",1.61
"HMDB0007284",1.137
"HMDB0007285",1.137
"HMDB0007290",0.036
"HMDB0007292",0.31
"HMDB0007298",0.06
"HMDB0007301",1.65
"HMDB0007302",0.173
"HMDB0007303",8.1
"HMDB0007304",5.28
"HMDB0007305",5.28
"HMDB0007306",0.961
"HMDB0007310",0.28
"HMDB0007311",0.94
"HMDB0007312",1.61
"HMDB0007313",1.137
"HMDB0007314",1.137
"HMDB0007319",0.036
"HMDB0007321",0.31
"HMDB0007330",0.173
"HMDB0007332",5.28
"HMDB0007333",0.961
"HMDB0007334",0.961
"HMDB0007339",0.94
"HMDB0007340",1.61
"HMDB0007341",1.137
"HMDB0007347",0.036
"HMDB0007349",0.254
"HMDB0007356",1.37
"HMDB0007357",3.87
"HMDB0007359",0.69
"HMDB0007360",1.24
"HMDB0007361",0.003
"HMDB0007362",0.013
"HMDB0007363",0.013
"HMDB0007364",0.022
"HMDB0007365",0.28
"HMDB0007366",0.28
"HMDB0007367",0.94
"HMDB0007373",0.036
"HMDB0007374",0.036
"HMDB0007385",3.87
"HMDB0007386",2.82
"HMDB0007388",1.24
"HMDB0007389",4.06
"HMDB0007390",0.013
"HMDB0007391",0.022
"HMDB0007392",0.022
"HMDB0007393",0.28
"HMDB0007394",0.94
"HMDB0007395",0.94
"HMDB0007396",1.61
"HMDB0007400",0.036
"HMDB0007401",0.036
"HMDB0007404",0.254
"HMDB0007414",2.82
"HMDB0007415",1.65
"HMDB0007417",4.06
"HMDB0007418",8.1
"HMDB0007419",0.022
"HMDB0007420",0.28
"HMDB0007421",0.28
"HMDB0007422",0.94
"HMDB0007423",1.61
"HMDB0007424",1.61
"HMDB0007425",1.137
"HMDB0007428",0.036
"HMDB0007431",0.254
"HMDB0007432",0.254
"HMDB0007433",0.31
"HMDB0007443",1.65
"HMDB0007444",0.173
"HMDB0007446",8.1
"HMDB0007447",5.28
"HMDB0007448",0.28
"HMDB0007449",0.94
"HMDB0007450",0.94
"HMDB0007451",1.61
"HMDB0007452",1.137
"HMDB0007453",1.137
"HMDB0007456",0.036
"HMDB0007458",0.254
"HMDB0007459",0.254
"HMDB0007460",0.31
"HMDB0007461",0.31
"HMDB0007472",1.65
"HMDB0007473",0.173
"HMDB0007475",8.1
"HMDB0007476",5.28
"HMDB0007477",0.28
"HMDB0007478",0.94
"HMDB0007479",0.94
"HMDB0007480",1.61
"HMDB0007481",1.137
"HMDB0007482",1.137
"HMDB0007485",0.036
"HMDB0007487",0.254
"HMDB0007488",0.254
"HMDB0007489",0.31
"HMDB0007490",0.31
"HMDB0007501",0.173
"HMDB0007504",5.28
"HMDB0007505",0.961
"HMDB0007506",0.94
"HMDB0007507",1.61
"HMDB0007508",1.61
"HMDB0007509",1.137
"HMDB0007513",0.036
"HMDB0007515",0.254
"HMDB0007516",0.31
"HMDB0007517",0.31
"HMDB0007530",0.173
"HMDB0007533",5.28
"HMDB0007534",0.961
"HMDB0007535",0.94
"HMDB0007536",1.61
"HMDB0007537",1.61
"HMDB0007538",1.137
"HMDB0007542",0.036
"HMDB0007544",0.254
"HMDB0007545",0.31
"HMDB0007546",0.31
"HMDB0007562",0.961
"HMDB0007564",1.61
"HMDB0007565",1.137
"HMDB0007566",1.137
"HMDB0007572",0.254
"HMDB0007573",0.31
"HMDB0007588",0.69
"HMDB0007589",1.24
"HMDB0007591",0.003
"HMDB0007592",0.013
"HMDB0007599",0.036
"HMDB0007617",1.24
"HMDB0007618",4.06
"HMDB0007620",0.013
"HMDB0007621",0.022
"HMDB0007626",0.036
"HMDB0007627",0.036
"HMDB0007646",4.06
"HMDB0007647",8.1
"HMDB0007649",0.022
"HMDB0007650",0.28
"HMDB0007654",0.036
"HMDB0007657",0.254
"HMDB0007675",5.28
"HMDB0007676",0.961
"HMDB0007678",0.94
"HMDB0007679",1.61
"HMDB0007680",0.036
"HMDB0007683",0.254
"HMDB0007684",0.31
"HMDB0007685",0.31
"HMDB0007704",0.961
"HMDB0007707",1.61
"HMDB0007708",1.137
"HMDB0007710",0.254
"HMDB0007711",0.254
"HMDB0007712",0.31
"HMDB0007733",0.961
"HMDB0007736",1.61
"HMDB0007737",1.137
"HMDB0007739",0.254
"HMDB0007740",0.254
"HMDB0007741",0.31
"HMDB0007765",1.137
"HMDB0007767",0.254
"HMDB0007768",0.31
"HMDB0007769",0.31
"HMDB0007791",0.003
"HMDB0007792",0.013
"HMDB0007820",0.013
"HMDB0007821",0.022
"HMDB0007858",0.147
"HMDB0007859",0.147
"HMDB0007860",0.144
"HMDB0007861",0.223
"HMDB0007862",0.223
"HMDB0007863",0.223
"HMDB0007864",0.223
"HMDB0007865",0.223
"HMDB0007867",0.8
"HMDB0007869",2.97
"HMDB0007871",14.485
"HMDB0007872",10.42
"HMDB0007873",11.26
"HMDB0007874",2.34
"HMDB0007875",0.38
"HMDB0007876",0.435
"HMDB0007879",139
"HMDB0007880",315
"HMDB0007881",11
"HMDB0007882",13.45
"HMDB0007883",0.82
"HMDB0007884",1.345
"HMDB0007886",1.55
"HMDB0007887",40.8
"HMDB0007888",231.35
"HMDB0007889",135
"HMDB0007890",10
"HMDB0007891",18.845
"HMDB0007892",0.4
"HMDB0007893",1.835
"HMDB0007894",0.655
"HMDB0007895",2.99
"HMDB0007896",14.485
"HMDB0007897",11.26
"HMDB0007898",11.26
"HMDB0007899",2.6
"HMDB0007903",0
"HMDB0007904",11.26
"HMDB0007905",3.18
"HMDB0007906",3.18
"HMDB0007907",0.435
"HMDB0007911",173
"HMDB0007912",362.16
"HMDB0007913",13.45
"HMDB0007914",1.345
"HMDB0007915",1.345
"HMDB0007919",48.95
"HMDB0007920",231.35
"HMDB0007921",106
"HMDB0007922",18.845
"HMDB0007923",0.78
"HMDB0007924",0.78
"HMDB0007926",1.23
"HMDB0007929",11.26
"HMDB0007930",3.18
"HMDB0007931",3.18
"HMDB0007934",2.99
"HMDB0007965",2.99
"HMDB0007969",11.26
"HMDB0007971",173
"HMDB0007972",173
"HMDB0007973",362.16
"HMDB0007974",13.45
"HMDB0007975",13.45
"HMDB0007976",1.345
"HMDB0007977",2.035
"HMDB0007978",48.95
"HMDB0007979",231.35
"HMDB0007980",117.95
"HMDB0007981",117.95
"HMDB0007982",162.2
"HMDB0007983",162.2
"HMDB0007984",18.845
"HMDB0007985",2.21
"HMDB0007986",1.23
"HMDB0007988",90.4
"HMDB0007989",36.2
"HMDB0007990",45.2
"HMDB0007991",60.6
"HMDB0007993",0.395
"HMDB0007994",14.485
"HMDB0007996",173
"HMDB0007997",173
"HMDB0008001",11.26
"HMDB0008002",3.18
"HMDB0008003",173
"HMDB0008004",362.16
"HMDB0008005",362.16
"HMDB0008006",13.45
"HMDB0008007",1.345
"HMDB0008008",1.345
"HMDB0008010",48.95
"HMDB0008011",231.35
"HMDB0008012",117.95
"HMDB0008013",162.2
"HMDB0008014",162.2
"HMDB0008015",18.845
"HMDB0008016",18.845
"HMDB0008017",0.78
"HMDB0008018",1.23
"HMDB0008020",36.1
"HMDB0008021",45.2
"HMDB0008022",74.3
"HMDB0008024",74.3
"HMDB0008025",0.39
"HMDB0008026",0.29
"HMDB0008027",11.26
"HMDB0008028",173
"HMDB0008029",362.16
"HMDB0008030",362.16
"HMDB0008031",14.485
"HMDB0008032",11.26
"HMDB0008035",173
"HMDB0008036",2.035
"HMDB0008037",48.95
"HMDB0008038",48.95
"HMDB0008039",231.35
"HMDB0008040",117.95
"HMDB0008041",117.95
"HMDB0008042",162.2
"HMDB0008043",2.21
"HMDB0008044",1.23
"HMDB0008046",41.7
"HMDB0008047",41.7
"HMDB0008048",96
"HMDB0008049",96
"HMDB0008050",45.2
"HMDB0008052",0.39
"HMDB0008053",0.305
"HMDB0008054",3
"HMDB0008055",5.865
"HMDB0008056",13.85
"HMDB0008057",22.6
"HMDB0008058",0.5
"HMDB0008059",0.275
"HMDB0008061",2.035
"HMDB0008062",48.95
"HMDB0008063",48.95
"HMDB0008064",11.26
"HMDB0008065",3.18
"HMDB0008067",173
"HMDB0008068",362.16
"HMDB0008069",48.95
"HMDB0008070",231.35
"HMDB0008071",231.35
"HMDB0008072",117.95
"HMDB0008073",162.2
"HMDB0008074",162.2
"HMDB0008075",18.845
"HMDB0008076",1.23
"HMDB0008078",41.7
"HMDB0008079",96
"HMDB0008080",96
"HMDB0008081",45.2
"HMDB0008082",45.2
"HMDB0008083",74.3
"HMDB0008084",0.39
"HMDB0008085",0.305
"HMDB0008086",0.49
"HMDB0008087",13.85
"HMDB0008088",25.2
"HMDB0008089",25.2
"HMDB0008091",0.28
"HMDB0008092",0.195
"HMDB0008093",173
"HMDB0008094",48.95
"HMDB0008095",231.35
"HMDB0008096",231.35
"HMDB0008097",11.26
"HMDB0008098",3.18
"HMDB0008100",173
"HMDB0008101",362.16
"HMDB0008102",48.95
"HMDB0008103",231.35
"HMDB0008105",117.95
"HMDB0008106",162.2
"HMDB0008107",162.2
"HMDB0008108",18.845
"HMDB0008109",1.23
"HMDB0008111",41.7
"HMDB0008112",96
"HMDB0008113",96
"HMDB0008114",45.2
"HMDB0008115",45.2
"HMDB0008116",74.3
"HMDB0008117",0.39
"HMDB0008118",0.305
"HMDB0008119",0.515
"HMDB0008120",13.85
"HMDB0008121",25.2
"HMDB0008122",25.2
"HMDB0008124",0.28
"HMDB0008125",0.2
"HMDB0008126",173
"HMDB0008127",48.95
"HMDB0008128",231.35
"HMDB0008129",231.35
"HMDB0008130",3.18
"HMDB0008131",0.435
"HMDB0008133",362.16
"HMDB0008134",13.45
"HMDB0008135",231.35
"HMDB0008136",117.95
"HMDB0008137",117.95
"HMDB0008138",162.2
"HMDB0008139",45.2
"HMDB0008140",18.845
"HMDB0008141",18.845
"HMDB0008142",0.78
"HMDB0008144",41.7
"HMDB0008145",96
"HMDB0008146",45.2
"HMDB0008147",74.3
"HMDB0008148",74.3
"HMDB0008150",0.305
"HMDB0008151",0.515
"HMDB0008152",3.075
"HMDB0008153",25.2
"HMDB0008157",0.2
"HMDB0008159",362.16
"HMDB0008160",231.35
"HMDB0008161",117.95
"HMDB0008162",117.95
"HMDB0008163",0.435
"HMDB0008166",13.45
"HMDB0008167",1.345
"HMDB0008168",117.95
"HMDB0008169",162.2
"HMDB0008170",162.2
"HMDB0008171",18.845
"HMDB0008172",0.78
"HMDB0008173",0.78
"HMDB0008175",41.7
"HMDB0008176",96
"HMDB0008177",45.2
"HMDB0008178",74.3
"HMDB0008179",74.3
"HMDB0008183",0.515
"HMDB0008184",3.075
"HMDB0008185",13.85
"HMDB0008191",0.19
"HMDB0008192",13.45
"HMDB0008193",117.95
"HMDB0008194",162.2
"HMDB0008195",162.2
"HMDB0008196",0.435
"HMDB0008199",13.45
"HMDB0008200",1.345
"HMDB0008201",117.95
"HMDB0008202",162.2
"HMDB0008203",162.2
"HMDB0008204",18.845
"HMDB0008205",0.78
"HMDB0008206",0.78
"HMDB0008208",41.7
"HMDB0008209",96
"HMDB0008210",45.2
"HMDB0008211",74.3
"HMDB0008212",74.3
"HMDB0008216",0.515
"HMDB0008217",3.075
"HMDB0008218",13.85
"HMDB0008224",0.2
"HMDB0008225",13.45
"HMDB0008226",117.95
"HMDB0008227",162.2
"HMDB0008228",162.2
"HMDB0008232",1.345
"HMDB0008234",162.2
"HMDB0008235",18.845
"HMDB0008236",18.845
"HMDB0008237",0.78
"HMDB0008241",96
"HMDB0008242",45.2
"HMDB0008243",74.3
"HMDB0008249",3.075
"HMDB0008250",13.85
"HMDB0008251",25.2
"HMDB0008256",0.2
"HMDB0008257",0.32
"HMDB0008258",1.345
"HMDB0008259",162.2
"HMDB0008260",18.845
"HMDB0008261",18.845
"HMDB0008263",173
"HMDB0008265",2.035
"HMDB0008266",48.95
"HMDB0008267",2.21
"HMDB0008268",1.23
"HMDB0008269",1.23
"HMDB0008271",41.7
"HMDB0008272",41.7
"HMDB0008273",96
"HMDB0008275",0.39
"HMDB0008276",0.305
"HMDB0008277",0.515
"HMDB0008278",0.515
"HMDB0008279",3.075
"HMDB0008280",3.075
"HMDB0008281",13.85
"HMDB0008282",0.55
"HMDB0008283",0.28
"HMDB0008284",0.2
"HMDB0008285",0.2
"HMDB0008286",0.355
"HMDB0008287",0.355
"HMDB0008288",0.54
"HMDB0008291",2.035
"HMDB0008292",2.21
"HMDB0008293",1.23
"HMDB0008294",1.23
"HMDB0008295",173
"HMDB0008296",362.16
"HMDB0008298",48.95
"HMDB0008299",231.35
"HMDB0008300",1.23
"HMDB0008303",41.7
"HMDB0008304",96
"HMDB0008305",96
"HMDB0008306",45.2
"HMDB0008307",0.39
"HMDB0008308",0.305
"HMDB0008309",0.515
"HMDB0008310",3.075
"HMDB0008311",3.075
"HMDB0008312",13.85
"HMDB0008313",13.85
"HMDB0008314",25.2
"HMDB0008315",0.28
"HMDB0008316",0.2
"HMDB0008318",0.355
"HMDB0008319",0.61
"HMDB0008320",0.61
"HMDB0008324",48.95
"HMDB0008325",1.23
"HMDB0008328",362.16
"HMDB0008329",13.45
"HMDB0008331",231.35
"HMDB0008332",117.95
"HMDB0008334",41.7
"HMDB0008335",41.7
"HMDB0008336",96
"HMDB0008337",45.2
"HMDB0008338",45.2
"HMDB0008339",74.3
"HMDB0008340",0.305
"HMDB0008341",0.515
"HMDB0008342",3.075
"HMDB0008343",13.85
"HMDB0008344",13.85
"HMDB0008345",25.2
"HMDB0008346",25.2
"HMDB0008348",0.2
"HMDB0008350",0.2
"HMDB0008351",0.61
"HMDB0008357",231.35
"HMDB0008359",41.7
"HMDB0008360",41.7
"HMDB0008361",13.45
"HMDB0008362",1.345
"HMDB0008364",117.95
"HMDB0008365",162.2
"HMDB0008366",41.7
"HMDB0008367",96
"HMDB0008368",96
"HMDB0008369",45.2
"HMDB0008370",74.3
"HMDB0008371",74.3
"HMDB0008373",0.515
"HMDB0008374",3.075
"HMDB0008375",13.85
"HMDB0008376",25.2
"HMDB0008377",25.2
"HMDB0008382",0.2
"HMDB0008383",0.355
"HMDB0008390",117.95
"HMDB0008391",41.7
"HMDB0008392",96
"HMDB0008393",96
"HMDB0008394",13.45
"HMDB0008395",1.345
"HMDB0008397",117.95
"HMDB0008398",162.2
"HMDB0008399",41.7
"HMDB0008400",96
"HMDB0008401",96
"HMDB0008402",45.2
"HMDB0008403",74.3
"HMDB0008404",74.3
"HMDB0008406",0.515
"HMDB0008407",13.85
"HMDB0008408",25.2
"HMDB0008409",25.2
"HMDB0008414",0.2
"HMDB0008415",0.355
"HMDB0008422",117.95
"HMDB0008423",41.7
"HMDB0008424",96
"HMDB0008425",96
"HMDB0008426",1.345
"HMDB0008429",162.2
"HMDB0008430",18.845
"HMDB0008431",96
"HMDB0008432",45.2
"HMDB0008433",45.2
"HMDB0008434",74.3
"HMDB0008438",3.075
"HMDB0008439",13.85
"HMDB0008440",25.2
"HMDB0008446",0.2
"HMDB0008447",0.355
"HMDB0008448",0.61
"HMDB0008455",162.2
"HMDB0008456",96
"HMDB0008457",45.2
"HMDB0008458",45.2
"HMDB0008459",1.345
"HMDB0008462",162.2
"HMDB0008463",18.845
"HMDB0008464",96
"HMDB0008465",45.2
"HMDB0008466",45.2
"HMDB0008467",74.3
"HMDB0008471",3.075
"HMDB0008472",13.85
"HMDB0008473",25.2
"HMDB0008479",0.2
"HMDB0008480",0.355
"HMDB0008481",0.61
"HMDB0008488",162.2
"HMDB0008489",96
"HMDB0008490",45.2
"HMDB0008491",45.2
"HMDB0008495",18.845
"HMDB0008496",0.78
"HMDB0008497",45.2
"HMDB0008498",74.3
"HMDB0008499",74.3
"HMDB0008504",13.85
"HMDB0008505",25.2
"HMDB0008512",0.355
"HMDB0008513",0.61
"HMDB0008521",18.845
"HMDB0008522",45.2
"HMDB0008523",74.3
"HMDB0008524",74.3
"HMDB0008525",2.035
"HMDB0008526",48.95
"HMDB0008528",2.21
"HMDB0008529",1.23
"HMDB0008531",0.39
"HMDB0008532",0.39
"HMDB0008533",0.305
"HMDB0008534",0.515
"HMDB0008535",0.515
"HMDB0008536",3.075
"HMDB0008537",0.55
"HMDB0008538",0.28
"HMDB0008539",0.2
"HMDB0008542",0.2
"HMDB0008543",0.2
"HMDB0008544",0.355
"HMDB0008554",2.21
"HMDB0008556",0.39
"HMDB0008557",0.39
"HMDB0008558",48.95
"HMDB0008559",231.35
"HMDB0008561",1.23
"HMDB0008563",0.39
"HMDB0008564",0.305
"HMDB0008565",0.515
"HMDB0008566",3.075
"HMDB0008567",3.075
"HMDB0008568",13.85
"HMDB0008569",0.28
"HMDB0008570",0.2
"HMDB0008572",0.2
"HMDB0008573",0.2
"HMDB0008574",0.355
"HMDB0008575",0.355
"HMDB0008576",0.61
"HMDB0008586",1.23
"HMDB0008587",0.39
"HMDB0008588",0.305
"HMDB0008589",0.305
"HMDB0008590",231.35
"HMDB0008591",117.95
"HMDB0008594",41.7
"HMDB0008595",0.305
"HMDB0008596",0.515
"HMDB0008597",0.515
"HMDB0008598",3.075
"HMDB0008599",13.85
"HMDB0008600",13.85
"HMDB0008601",25.2
"HMDB0008602",0.2
"HMDB0008604",0.2
"HMDB0008605",0.355
"HMDB0008606",0.355
"HMDB0008607",0.61
"HMDB0008608",0.61
"HMDB0008620",0.305
"HMDB0008621",0.515
"HMDB0008622",0.515
"HMDB0008623",162.2
"HMDB0008624",18.845
"HMDB0008626",96
"HMDB0008627",45.2
"HMDB0008628",3.075
"HMDB0008629",13.85
"HMDB0008630",13.85
"HMDB0008631",25.2
"HMDB0008635",0.2
"HMDB0008636",0.355
"HMDB0008637",0.61
"HMDB0008652",96
"HMDB0008653",3.075
"HMDB0008654",13.85
"HMDB0008655",13.85
"HMDB0008656",18.845
"HMDB0008657",0.78
"HMDB0008659",45.2
"HMDB0008660",74.3
"HMDB0008661",13.85
"HMDB0008662",25.2
"HMDB0008663",25.2
"HMDB0008668",0.355
"HMDB0008669",0.61
"HMDB0008685",45.2
"HMDB0008686",13.85
"HMDB0008687",25.2
"HMDB0008688",25.2
"HMDB0008689",18.845
"HMDB0008690",0.78
"HMDB0008692",45.2
"HMDB0008693",74.3
"HMDB0008694",13.85
"HMDB0008695",25.2
"HMDB0008696",25.2
"HMDB0008701",0.355
"HMDB0008702",0.61
"HMDB0008718",45.2
"HMDB0008719",13.85
"HMDB0008720",25.2
"HMDB0008721",25.2
"HMDB0008722",0.78
"HMDB0008725",74.3
"HMDB0008727",25.2
"HMDB0008734",0.61
"HMDB0008751",74.3
"HMDB0008752",25.2
"HMDB0008755",2.21
"HMDB0008756",1.23
"HMDB0008759",0.39
"HMDB0008760",0.55
"HMDB0008761",0.28
"HMDB0008762",0.28
"HMDB0008763",0.2
"HMDB0008766",0.2
"HMDB0008785",0.55
"HMDB0008786",0.28
"HMDB0008787",0.28
"HMDB0008788",1.23
"HMDB0008791",0.39
"HMDB0008792",0.305
"HMDB0008793",0.28
"HMDB0008794",0.2
"HMDB0008795",0.2
"HMDB0008797",0.2
"HMDB0008798",0.24
"HMDB0008799",0.355
"HMDB0008817",0.39
"HMDB0008818",0.28
"HMDB0008819",0.2
"HMDB0008820",0.2
"HMDB0009779",0.746
"HMDB0009781",0.473
"HMDB0009782",1.78
"HMDB0009783",1.78
"HMDB0009784",2.64
"HMDB0009785",0.269
"HMDB0009786",4.29
"HMDB0009787",1.17
"HMDB0009788",1.17
"HMDB0009789",1.27
"HMDB0009790",1.27
"HMDB0009791",0.189
"HMDB0009792",1.83
"HMDB0009793",11
"HMDB0009794",11
"HMDB0009795",1.28
"HMDB0009796",1.28
"HMDB0009797",0.746
"HMDB0009799",1.78
"HMDB0009800",2.64
"HMDB0009801",2.64
"HMDB0009803",2.64
"HMDB0009804",1.28
"HMDB0009805",0.473
"HMDB0009806",1.78
"HMDB0009807",2.64
"HMDB0009808",0.269
"HMDB0009809",4.29
"HMDB0009810",1.17
"HMDB0009811",1.17
"HMDB0009812",0.189
"HMDB0009813",1.83
"HMDB0009814",1.83
"HMDB0009815",11
"HMDB0009816",11
"HMDB0009817",0.451
"HMDB0009818",0.451
"HMDB0009819",0.475
"HMDB0009820",0.475
"HMDB0009821",0.54
"HMDB0009822",1.78
"HMDB0009823",2.64
"HMDB0009824",4.29
"HMDB0009825",4.29
"HMDB0009826",1.17
"HMDB0009827",1.27
"HMDB0009828",1.27
"HMDB0009829",0.189
"HMDB0009830",11
"HMDB0009831",11
"HMDB0009832",1.28
"HMDB0009833",1.28
"HMDB0009834",1.78
"HMDB0009835",2.64
"HMDB0009836",4.29
"HMDB0009837",4.29
"HMDB0009838",1.17
"HMDB0009839",1.27
"HMDB0009840",1.27
"HMDB0009841",0.189
"HMDB0009842",11
"HMDB0009843",11
"HMDB0009844",1.28
"HMDB0009845",1.28
"HMDB0009846",2.64
"HMDB0009847",4.29
"HMDB0009848",1.17
"HMDB0009849",1.17
"HMDB0009850",1.27
"HMDB0009851",0.189
"HMDB0009852",1.83
"HMDB0009853",11
"HMDB0009854",1.28
"HMDB0009855",1.28
"HMDB0009856",0.451
"HMDB0009857",0.475
"HMDB0009858",1.17
"HMDB0009859",1.27
"HMDB0009860",1.27
"HMDB0009861",0.54
"HMDB0009862",1.17
"HMDB0009863",1.27
"HMDB0009864",1.27
"HMDB0009865",0.54
"HMDB0009866",0.269
"HMDB0009867",0.189
"HMDB0009868",0.217
"HMDB0009869",0.451
"HMDB0009870",0.189
"HMDB0009871",0.189
"HMDB0009872",1.83
"HMDB0009873",0.475
"HMDB0009874",0.475
"HMDB0009875",4.29
"HMDB0009876",0.189
"HMDB0009877",11
"HMDB0009878",0.451
"HMDB0009879",1.17
"HMDB0009880",1.83
"HMDB0009881",11
"HMDB0009882",11
"HMDB0009883",1.28
"HMDB0009884",0.54
"HMDB0009885",0.54
"HMDB0009886",1.17
"HMDB0009887",1.83
"HMDB0009888",11
"HMDB0009889",11
"HMDB0009890",1.28
"HMDB0009891",0.54
"HMDB0009892",0.54
"HMDB0009893",1.27
"HMDB0009894",11
"HMDB0009895",1.28
"HMDB0009896",1.28
"HMDB0009897",0.451
"HMDB0009898",0.475
"HMDB0009899",1.27
"HMDB0009900",11
"HMDB0009901",1.28
"HMDB0009902",1.28
"HMDB0009903",0.451
"HMDB0009904",0.475
"HMDB0009905",0.189
"HMDB0009906",0.451
"HMDB0009907",1.83
"HMDB0009908",1.28
"HMDB0009909",0.475
"HMDB0009910",0.54
"HMDB0009911",0.54
"HMDB0009912",11
"HMDB0009913",0.451
"HMDB0009914",11
"HMDB0009915",0.451
"HMDB0009916",1.28
"HMDB0009917",0.475
"HMDB0009918",1.28
"HMDB0009919",0.475
"HMDB0009920",0.54
"HMDB0010163",0.733
"HMDB0010165",0.481
"HMDB0010166",0.114
"HMDB0010167",0.637
"HMDB0010168",65.55
"HMDB0010169",81
"HMDB0010199",0.000149
"HMDB0010200",0.000416
"HMDB0010201",0.0002095
"HMDB0010202",0.0018535
"HMDB0010203",0.001505
"HMDB0010204",0.001132
"HMDB0010205",0.000119
"HMDB0010206",0.00327
"HMDB0010207",0.000437
"HMDB0010208",0.0145
"HMDB0010209",0.0002835
"HMDB0010210",0.0007155
"HMDB0010211",0.0144
"HMDB0010212",0.00009215
"HMDB0010213",0.0004835
"HMDB0010214",0.00123
"HMDB0010216",0.000247
"HMDB0010217",0.000136
"HMDB0010219",0.0001
"HMDB0010220",0.00208
"HMDB0010221",0.00236
"HMDB0010222",0.001495
"HMDB0010224",0.00198
"HMDB0010316",30.2
"HMDB0010319",4.07
"HMDB0010325",2.9
"HMDB0010335",0.014
"HMDB0010340",0.0068
"HMDB0010343",13
"HMDB0010367",4.19
"HMDB0010368",37.5
"HMDB0010369",23.66
"HMDB0010370",23.6
"HMDB0010371",2.47
"HMDB0010372",1.86
"HMDB0010373",2.8
"HMDB0010374",3.28
"HMDB0010376",0.92
"HMDB0010378",1.316
"HMDB0010379",2.22
"HMDB0010380",0.211
"HMDB0010381",1.764
"HMDB0010382",78.69
"HMDB0010383",2.34
"HMDB0010384",25.36
"HMDB0010385",16.4
"HMDB0010386",30.33
"HMDB0010387",0.234
"HMDB0010388",1.239
"HMDB0010389",0.286
"HMDB0010390",0.688
"HMDB0010391",0.526
"HMDB0010392",0.712
"HMDB0010393",1.68
"HMDB0010394",2.65
"HMDB0010395",6.13
"HMDB0010396",5.48
"HMDB0010397",1.608
"HMDB0010398",0.43
"HMDB0010399",0.569
"HMDB0010400",0.095
"HMDB0010401",0.064
"HMDB0010402",0.107
"HMDB0010403",0.743
"HMDB0010404",2.78
"HMDB0010405",0.175
"HMDB0010406",0.728
"HMDB0010407",0.928
"HMDB0010408",16.4
"HMDB0010410",0.001
"HMDB0010414",27
"HMDB0010415",20.2
"HMDB0010416",63.6
"HMDB0010417",57.1
"HMDB0010418",36.5
"HMDB0010420",20.2
"HMDB0010421",20.2
"HMDB0010423",79.8
"HMDB0010424",18.9
"HMDB0010425",139.5
"HMDB0010426",27
"HMDB0010427",11.6
"HMDB0010428",63.6
"HMDB0010429",63.6
"HMDB0010430",79.8
"HMDB0010431",29.6
"HMDB0010432",214.8
"HMDB0010434",79.8
"HMDB0010435",79.8
"HMDB0010436",57.1
"HMDB0010437",139.5
"HMDB0010438",139.5
"HMDB0010439",214.8
"HMDB0010440",90.9
"HMDB0010441",53.6
"HMDB0010442",214.8
"HMDB0010443",214.8
"HMDB0010444",90.9
"HMDB0010445",21.5
"HMDB0010446",21.5
"HMDB0010447",69.1
"HMDB0010448",79.8
"HMDB0010449",57.1
"HMDB0010450",32
"HMDB0010451",90.9
"HMDB0010452",69.1
"HMDB0010453",36.5
"HMDB0010454",23.5
"HMDB0010456",68.5
"HMDB0010457",69.1
"HMDB0010458",68.5
"HMDB0010459",53.6
"HMDB0010460",53.6
"HMDB0010470",18.9
"HMDB0010473",32
"HMDB0010474",68.5
"HMDB0010477",53.6
"HMDB0010479",53.6
"HMDB0010481",36.5
"HMDB0010482",36.5
"HMDB0010485",23.5
"HMDB0010491",23.5
"HMDB0010501",36.5
"HMDB0010573",0.604
"HMDB0010574",0.604
"HMDB0010575",0.08
"HMDB0010578",0.338
"HMDB0010579",0.338
"HMDB0010580",0.217
"HMDB0010581",0.191
"HMDB0010582",0.605
"HMDB0010583",0.605
"HMDB0010584",0.919
"HMDB0010587",0.604
"HMDB0010588",0.08
"HMDB0010589",0.08
"HMDB0010593",0.217
"HMDB0010594",0.217
"HMDB0010595",0.351
"HMDB0010596",0.605
"HMDB0010597",0.919
"HMDB0010598",0.919
"HMDB0010601",0.604
"HMDB0010603",1.59
"HMDB0010604",1.59
"HMDB0010605",0.194
"HMDB0010606",0.338
"HMDB0010607",0.338
"HMDB0010610",0.191
"HMDB0010611",0.323
"HMDB0010612",0.159
"HMDB0010613",0.159
"HMDB0010614",0.145
"HMDB0010615",0.604
"HMDB0010616",0.08
"HMDB0010617",1.59
"HMDB0010618",0.194
"HMDB0010619",0.194
"HMDB0010620",0.338
"HMDB0010621",0.217
"HMDB0010622",0.217
"HMDB0010623",0.191
"HMDB0010624",0.191
"HMDB0010625",0.605
"HMDB0010626",0.159
"HMDB0010627",0.145
"HMDB0010628",0.145
"HMDB0010629",0.181
"HMDB0010630",0.604
"HMDB0010631",0.08
"HMDB0010632",1.59
"HMDB0010633",0.194
"HMDB0010634",0.194
"HMDB0010635",0.338
"HMDB0010636",0.217
"HMDB0010637",0.217
"HMDB0010638",0.191
"HMDB0010639",0.191
"HMDB0010640",0.605
"HMDB0010641",0.159
"HMDB0010642",0.145
"HMDB0010643",0.145
"HMDB0010644",0.181
"HMDB0010645",0.08
"HMDB0010647",0.194
"HMDB0010648",0.338
"HMDB0010649",0.338
"HMDB0010650",0.217
"HMDB0010651",0.351
"HMDB0010652",0.351
"HMDB0010653",0.605
"HMDB0010654",0.605
"HMDB0010655",0.919
"HMDB0010656",0.145
"HMDB0010657",0.181
"HMDB0010658",0.181
"HMDB0010659",0.105
"HMDB0010662",0.338
"HMDB0010663",0.217
"HMDB0010664",0.217
"HMDB0010665",0.351
"HMDB0010668",0.919
"HMDB0010669",0.919
"HMDB0010671",0.181
"HMDB0010672",0.105
"HMDB0010673",0.105
"HMDB0010674",0.116
"HMDB0010677",0.338
"HMDB0010678",0.217
"HMDB0010679",0.217
"HMDB0010680",0.351
"HMDB0010683",0.919
"HMDB0010684",0.919
"HMDB0010686",0.181
"HMDB0010687",0.105
"HMDB0010688",0.105
"HMDB0010689",0.116
"HMDB0011119",0.0013
"HMDB0011134",0.0119
"HMDB0011151",11.55
"HMDB0011181",0.57
"HMDB0011201",3.075
"HMDB0011202",0.305
"HMDB0011203",2.99
"HMDB0011206",14.485
"HMDB0011207",11.26
"HMDB0011209",173
"HMDB0011210",173
"HMDB0011211",362.16
"HMDB0011212",13.45
"HMDB0011213",13.45
"HMDB0011214",13.45
"HMDB0011215",2.035
"HMDB0011216",48.95
"HMDB0011217",231.35
"HMDB0011218",117.95
"HMDB0011219",117.95
"HMDB0011221",162.2
"HMDB0011223",2.21
"HMDB0011224",1.23
"HMDB0011226",96
"HMDB0011227",45.2
"HMDB0011229",74.3
"HMDB0011231",0.39
"HMDB0011232",14.485
"HMDB0011234",173
"HMDB0011235",173
"HMDB0011236",14.485
"HMDB0011237",11.26
"HMDB0011240",173
"HMDB0011241",2.035
"HMDB0011242",48.95
"HMDB0011243",48.95
"HMDB0011244",231.35
"HMDB0011245",117.95
"HMDB0011246",117.95
"HMDB0011247",162.2
"HMDB0011248",2.21
"HMDB0011249",1.23
"HMDB0011251",41.7
"HMDB0011252",41.7
"HMDB0011253",96
"HMDB0011254",96
"HMDB0011255",45.2
"HMDB0011257",0.39
"HMDB0011258",0.305
"HMDB0011259",3.075
"HMDB0011260",13.85
"HMDB0011261",13.85
"HMDB0011262",25.2
"HMDB0011263",0.55
"HMDB0011264",0.28
"HMDB0011267",48.95
"HMDB0011268",48.95
"HMDB0011269",11.26
"HMDB0011270",3.18
"HMDB0011272",173
"HMDB0011273",362.16
"HMDB0011274",48.95
"HMDB0011275",231.35
"HMDB0011276",231.35
"HMDB0011277",117.95
"HMDB0011278",162.2
"HMDB0011279",162.2
"HMDB0011280",18.845
"HMDB0011281",1.23
"HMDB0011283",41.7
"HMDB0011284",96
"HMDB0011285",96
"HMDB0011286",45.2
"HMDB0011287",45.2
"HMDB0011288",74.3
"HMDB0011289",0.39
"HMDB0011290",0.305
"HMDB0011291",0.515
"HMDB0011292",13.85
"HMDB0011293",25.2
"HMDB0011294",25.2
"HMDB0011296",0.28
"HMDB0011297",0.2
"HMDB0011298",173
"HMDB0011299",48.95
"HMDB0011300",231.35
"HMDB0011301",231.35
"HMDB0011302",11.26
"HMDB0011303",3.18
"HMDB0011305",173
"HMDB0011306",362.16
"HMDB0011307",48.95
"HMDB0011308",231.35
"HMDB0011309",231.35
"HMDB0011310",117.95
"HMDB0011311",162.2
"HMDB0011312",162.2
"HMDB0011313",18.845
"HMDB0011314",1.23
"HMDB0011316",41.7
"HMDB0011317",96
"HMDB0011318",96
"HMDB0011319",45.2
"HMDB0011320",45.2
"HMDB0011321",74.3
"HMDB0011322",0.39
"HMDB0011323",0.305
"HMDB0011324",0.515
"HMDB0011325",13.85
"HMDB0011326",25.2
"HMDB0011327",25.2
"HMDB0011329",0.28
"HMDB0011330",0.2
"HMDB0011331",173
"HMDB0011332",48.95
"HMDB0011333",231.35
"HMDB0011334",231.35
"HMDB0011537",166
"HMDB0011538",146
"HMDB0011567",170
"HMDB0011568",37.6
"HMDB0011578",4.71
"HMDB0011616",0.026
"HMDB0011623",0.11
"HMDB0011628",0.104
"HMDB0011686",1
"HMDB0011694",36.4
"HMDB0011695",14.5
"HMDB0011696",57.1
"HMDB0011697",14.4
"HMDB0011698",0.14
"HMDB0011699",57.1
"HMDB0011759",0.088
"HMDB0011760",0.261
"HMDB0011761",0.146
"HMDB0011762",0.038
"HMDB0011763",0.038
"HMDB0011764",0.089
"HMDB0011765",0.685
"HMDB0011768",1.22
"HMDB0011769",0.552
"HMDB0011771",0.041
"HMDB0011772",0.031
"HMDB0011773",0.012
"HMDB0011774",0.022
"HMDB0012085",1
"HMDB0012087",13.955
"HMDB0012088",11
"HMDB0012089",11
"HMDB0012090",2.78
"HMDB0012091",3.32
"HMDB0012094",22
"HMDB0012095",57.1
"HMDB0012097",9.17
"HMDB0012100",10.9
"HMDB0012101",10.8
"HMDB0012102",9.98
"HMDB0012103",9.98
"HMDB0012104",15.7
"HMDB0012105",7
"HMDB0012107",33
"HMDB0012108",1.11
"HMDB0012252",13.7
"HMDB0012275",0
"HMDB0012308",5.137
"HMDB0012328",1.97
"HMDB0012335",0.239
"HMDB0012345",0.239
"HMDB0012355",0.239
"HMDB0012356",0.307
"HMDB0012357",0.186
"HMDB0012358",0.151
"HMDB0012360",0.123
"HMDB0012361",0.179
"HMDB0012362",0.162
"HMDB0012365",0.239
"HMDB0012367",0.186
"HMDB0012368",0.151
"HMDB0012371",0.179
"HMDB0012375",0.239
"HMDB0012376",0.307
"HMDB0012377",0.186
"HMDB0012378",2.09
"HMDB0012380",0.316
"HMDB0012381",0.123
"HMDB0012382",0.194
"HMDB0012383",0.481
"HMDB0012385",0.239
"HMDB0012387",0.186
"HMDB0012388",0.151
"HMDB0012389",0.733
"HMDB0012390",0.316
"HMDB0012391",0.123
"HMDB0012392",0.179
"HMDB0012393",0.481
"HMDB0012394",0.281
"HMDB0012395",0.169
"HMDB0012398",0.151
"HMDB0012400",0.316
"HMDB0012401",0.123
"HMDB0012402",0.179
"HMDB0012404",0.281
"HMDB0012405",0.162
"HMDB0012411",0.123
"HMDB0012412",0.179
"HMDB0012415",0.162
"HMDB0012420",0.123
"HMDB0012421",0.179
"HMDB0012422",0.194
"HMDB0012423",0.481
"HMDB0012424",0.281
"HMDB0012425",0.162
"HMDB0012426",0.637
"HMDB0012427",0.169
"HMDB0012431",0.179
"HMDB0012433",0.481
"HMDB0012434",0.281
"HMDB0012435",0.162
"HMDB0012437",0.169
"HMDB0012442",0.162
"HMDB0012444",0.637
"HMDB0012445",0.169
"HMDB0012454",0.1
"HMDB0012535",0.00203
"HMDB0012598",0.000113
"HMDB0012611",0.000138
"HMDB0013078",15
"HMDB0013122",0.067
"HMDB0013124",0.04
"HMDB0013125",0.02
"HMDB0013126",0.01
"HMDB0013127",0.103
"HMDB0013128",0.235
"HMDB0013129",0.0125
"HMDB0013130",0.015
"HMDB0013132",0.065
"HMDB0013133",0.11
"HMDB0013161",0.01
"HMDB0013198",0.0345
"HMDB0013205",0.17
"HMDB0013207",0.03
"HMDB0013222",0.0252
"HMDB0013231",0.57
"HMDB0013288",0.03
"HMDB0013324",0.2
"HMDB0013326",0.11
"HMDB0013327",0.19
"HMDB0013328",0.0325
"HMDB0013330",0.015
"HMDB0013331",0.012
"HMDB0013333",0
"HMDB0013334",0.009
"HMDB0013335",0
"HMDB0013336",0.005
"HMDB0013338",0.11
"HMDB0013339",0
"HMDB0013341",0.52
"HMDB0013402",0.02
"HMDB0013404",2.64
"HMDB0013405",0.995
"HMDB0013406",0.74
"HMDB0013407",13.3
"HMDB0013408",1.28
"HMDB0013409",6.02
"HMDB0013410",0.085
"HMDB0013411",0.58
"HMDB0013412",8.24
"HMDB0013413",9.22
"HMDB0013414",5.39
"HMDB0013415",10.67
"HMDB0013416",0.65
"HMDB0013417",0.75
"HMDB0013418",13.63
"HMDB0013419",1.915
"HMDB0013420",9.69
"HMDB0013422",3.07
"HMDB0013423",0.56
"HMDB0013424",9.25
"HMDB0013425",8.51
"HMDB0013426",9.25
"HMDB0013427",7.57
"HMDB0013428",14.07
"HMDB0013429",8.55
"HMDB0013430",0.8
"HMDB0013431",1.96
"HMDB0013432",14.4
"HMDB0013433",0.89
"HMDB0013434",0.34
"HMDB0013435",17
"HMDB0013436",1.97
"HMDB0013437",1.13
"HMDB0013438",0.395
"HMDB0013439",3.6
"HMDB0013440",4
"HMDB0013442",1.835
"HMDB0013443",0.57
"HMDB0013444",2.83
"HMDB0013445",1.125
"HMDB0013446",1.09
"HMDB0013447",0.375
"HMDB0013448",0.54
"HMDB0013449",0.12
"HMDB0013450",0.77
"HMDB0013451",1.45
"HMDB0013452",0.12
"HMDB0013453",0.39
"HMDB0013454",0.65
"HMDB0013455",0.395
"HMDB0013456",0.98
"HMDB0013457",0.94
"HMDB0013458",0.6
"HMDB0013459",0.72
"HMDB0013460",0.395
"HMDB0013461",0.216
"HMDB0013462",2.44
"HMDB0013463",2.47
"HMDB0013464",12.3
"HMDB0013465",0.275
"HMDB0013466",5.9
"HMDB0013467",4.8
"HMDB0013468",0
"HMDB0013469",0.97
"HMDB0013470",0.0000027
"HMDB0013471",0.00000835
"HMDB0013620",0.0001
"HMDB0013621",0.0003035
"HMDB0013622",0.646
"HMDB0013623",0.00349
"HMDB0013624",0.118
"HMDB0013625",1.01
"HMDB0013626",1.63
"HMDB0013627",0.401
"HMDB0013628",0.0173
"HMDB0013629",0.161
"HMDB0013630",0.0208
"HMDB0013631",21
"HMDB0013633",0.0001
"HMDB0013643",0.0345
"HMDB0013669",0.0041
"HMDB0013671",0.0000087
"HMDB0013672",0.000093
"HMDB0013676",0.0115
"HMDB0013677",0.091
"HMDB0013715",0.000042
"HMDB0013724",0.001085
"HMDB0014575",0.00105
"HMDB0015531",10.744
"HMDB0015532",12.85
"HMDB0029147",3
"HMDB0029205",0.365
"HMDB0029206",0.265
"HMDB0029216",16.6
"HMDB0029220",0.11
"HMDB0029221",0.36
"HMDB0029273",0.136
"HMDB0029306",1.532
"HMDB0029596",0.00008253
"HMDB0029666",0.1085
"HMDB0030254",0.0145
"HMDB0030956",0.01845
"HMDB0030961",0.21
"HMDB0031035",0.0171
"HMDB0031269",0.13
"HMDB0031330",0.000065
"HMDB0031475",0.45
"HMDB0031496",0.23
"HMDB0031934",0.000503
"HMDB0032566",0.00025
"HMDB0032604",0.626
"HMDB0032606",0.094
"HMDB0033182",0.000166
"HMDB0033827",0.16
"HMDB0033844",0.181
"HMDB0034168",0.001395
"HMDB0034240",0.000432
"HMDB0034259",36.61
"HMDB0034315",0.564
"HMDB0034369",0.000316
"HMDB0035159",11.722
"HMDB0037547",0.00027
"HMDB0038485",0.007
"HMDB0038524",0.01065
"HMDB0038530",0.006
"HMDB0041014",0.1
"HMDB0041662",0.0305
"HMDB0041683",0.18
"HMDB0041822",30.32
"HMDB0041827",31
"HMDB0041971",0.000578
"HMDB0041980",0.000302
"HMDB0059570",0.00011
"HMDB0059571",0.00007
"HMDB0059573",0.00004
"HMDB0059586",0.0194
"HMDB0059587",0.007255
"HMDB0059655",1.1
"HMDB0059810",0.0012
"HMDB0059835",0.26
"HMDB0059851",0.0003295
"HMDB0059905",0.000339
"HMDB0060037",0.000075
"HMDB0060038",1.03
"HMDB0060039",0.341
"HMDB0060040",0.000175
"HMDB0060041",0.00013
"HMDB0060042",0.000053
"HMDB0060043",0.000172
"HMDB0060044",0.00164
"HMDB0060045",0.000026
"HMDB0060046",0.00194
"HMDB0060047",0.000202
"HMDB0060048",0.000228
"HMDB0060049",0.0053
"HMDB0060050",0.000131
"HMDB0060051",0.000294
"HMDB0060052",0.000123
"HMDB0060053",0.000066
"HMDB0060054",0.000039
"HMDB0060055",0.00031
"HMDB0060056",30
"HMDB0060057",30
"HMDB0060058",31
"HMDB0060059",32
"HMDB0060060",31
"HMDB0060061",0.0033
"HMDB0060062",0.0045
"HMDB0060524",0.066
"HMDB0061112",9.79
"HMDB0061189",0.31
"HMDB0061196",0.000386
"HMDB0061385",0.002765
"HMDB0061652",20
"HMDB0061732",0.00000818
"HMDB0061733",0.00000357
"HMDB0061738",0.000562
"HMDB0061739",0.003135
"HMDB0061740",0.000703
"HMDB0061741",0.00108
"HMDB0061742",0.000333
"HMDB0061743",0.000323
"HMDB0061749",0.0000687
"HMDB0061755",39.79
"HMDB0061921",0.00043
"HMDB0062089",0.0000062
"HMDB0062121",0.0006
"HMDB0062436",11.722
"HMDB0062703",2090
"HMDB0094687",0.14
"HMDB0094700",0.004545
"HMDB0240212",0.0451
"HMDB0240296",0.26
